INSERT INTO person(first_name,last_name,email) VALUES ('Jason','Czarnezki','jason@readerapp.com');
INSERT INTO person(first_name,last_name,email) VALUES ('Omar','Gonzales','omar@readerapp.com');

INSERT INTO expert(person_id) VALUES (1);
INSERT INTO expert(person_id) VALUES (2);

INSERT INTO rank(rds_id,rank,expert_id) VALUES (7300156505750,1,2);
INSERT INTO rank(rds_id,rank,expert_id) VALUES (7318690123828,1,2);
INSERT INTO rank(rds_id,rank,expert_id) VALUES (5060376690538,1,2);
INSERT INTO rank(rds_id,rank,expert_id) VALUES (7310865867926,1,2);
INSERT INTO rank(rds_id,rank,expert_id) VALUES (5411188116615,1,2);
INSERT INTO rank(rds_id,rank,expert_id) VALUES (7310867533331,2,2);
INSERT INTO rank(rds_id,rank,expert_id) VALUES (7340083463075,2,2);
INSERT INTO rank(rds_id,rank,expert_id) VALUES (7350088830024,2,2);
INSERT INTO rank(rds_id,rank,expert_id) VALUES (7310867502726,2,2);
INSERT INTO rank(rds_id,rank,expert_id) VALUES (5711953102110,2,2);
INSERT INTO rank(rds_id,rank,expert_id) VALUES (5711953102141,2,2);
INSERT INTO rank(rds_id,rank,expert_id) VALUES (6408432202247,2,2);
INSERT INTO rank(rds_id,rank,expert_id) VALUES (7394376614804,2,2);
INSERT INTO rank(rds_id,rank,expert_id) VALUES (5060120283184,2,2);
INSERT INTO rank(rds_id,rank,expert_id) VALUES (7350068293528,2,2);
INSERT INTO rank(rds_id,rank,expert_id) VALUES (7318690113966,2,2);
INSERT INTO rank(rds_id,rank,expert_id) VALUES (7310867501583,2,2);
INSERT INTO rank(rds_id,rank,expert_id) VALUES (7394376665066,2,2);
INSERT INTO rank(rds_id,rank,expert_id) VALUES (7310867533348,2,2);
INSERT INTO rank(rds_id,rank,expert_id) VALUES (7340083457609,2,2);
INSERT INTO rank(rds_id,rank,expert_id) VALUES (7310865866554,2,2);
INSERT INTO rank(rds_id,rank,expert_id) VALUES (7310867500135,2,2);
INSERT INTO rank(rds_id,rank,expert_id) VALUES (7350068293504,2,2);
INSERT INTO rank(rds_id,rank,expert_id) VALUES (7340011497080,2,2);
INSERT INTO rank(rds_id,rank,expert_id) VALUES (7310861016090,2,2);
INSERT INTO rank(rds_id,rank,expert_id) VALUES (7318690173830,2,2);
INSERT INTO rank(rds_id,rank,expert_id) VALUES (7310865071705,2,2);
INSERT INTO rank(rds_id,rank,expert_id) VALUES (7310867502306,2,2);
INSERT INTO rank(rds_id,rank,expert_id) VALUES (5060376690521,2,2);
INSERT INTO rank(rds_id,rank,expert_id) VALUES (6408430102068,2,2);
INSERT INTO rank(rds_id,rank,expert_id) VALUES (5711953078378,3,2);
INSERT INTO rank(rds_id,rank,expert_id) VALUES (7310865867933,3,2);
INSERT INTO rank(rds_id,rank,expert_id) VALUES (7310867510738,3,2);
INSERT INTO rank(rds_id,rank,expert_id) VALUES (7310867501767,3,2);
INSERT INTO rank(rds_id,rank,expert_id) VALUES (7300156578143,3,2);
INSERT INTO rank(rds_id,rank,expert_id) VALUES (8717163712740,1,1);
INSERT INTO rank(rds_id,rank,expert_id) VALUES (8717163712733,1,1);
INSERT INTO rank(rds_id,rank,expert_id) VALUES (7340082448898,1,1);
INSERT INTO rank(rds_id,rank,expert_id) VALUES (7350007582478,1,1);
INSERT INTO rank(rds_id,rank,expert_id) VALUES (7340083459191,2,1);
INSERT INTO rank(rds_id,rank,expert_id) VALUES (7318690109150,2,1);
INSERT INTO rank(rds_id,rank,expert_id) VALUES (7340083459184,2,1);
INSERT INTO rank(rds_id,rank,expert_id) VALUES (7046110300916,2,1);
INSERT INTO rank(rds_id,rank,expert_id) VALUES (7046110300947,2,1);
INSERT INTO rank(rds_id,rank,expert_id) VALUES (7393481002476,2,1);
INSERT INTO rank(rds_id,rank,expert_id) VALUES (7300156485571,2,1);
INSERT INTO rank(rds_id,rank,expert_id) VALUES (7300156493545,3,1);
INSERT INTO rank(rds_id,rank,expert_id) VALUES (7300156484246,3,1);
INSERT INTO rank(rds_id,rank,expert_id) VALUES (7300156484277,3,1);
INSERT INTO rank(rds_id,rank,expert_id) VALUES (7310610014476,3,1);
INSERT INTO rank(rds_id,rank,expert_id) VALUES (7318690170778,3,1);
INSERT INTO rank(rds_id,rank,expert_id) VALUES (8718951011250,3,1);
INSERT INTO rank(rds_id,rank,expert_id) VALUES (5412533002409,3,1);
INSERT INTO rank(rds_id,rank,expert_id) VALUES (7310360045010,4,1);
INSERT INTO rank(rds_id,rank,expert_id) VALUES (20668563,4,1);
INSERT INTO rank(rds_id,rank,expert_id) VALUES (8718951011311,4,1);
INSERT INTO rank(rds_id,rank,expert_id) VALUES (7340083448904,4,1);
INSERT INTO rank(rds_id,rank,expert_id) VALUES (7300156484284,4,1);
INSERT INTO rank(rds_id,rank,expert_id) VALUES (20626860,4,1);
INSERT INTO rank(rds_id,rank,expert_id) VALUES (7340083459153,4,1);
INSERT INTO rank(rds_id,rank,expert_id) VALUES (7393481002469,4,1);
INSERT INTO rank(rds_id,rank,expert_id) VALUES (57310824,4,1);
INSERT INTO rank(rds_id,rank,expert_id) VALUES (7090034920224,4,1);
INSERT INTO rank(rds_id,rank,expert_id) VALUES (5701092110725,4,1);
INSERT INTO rank(rds_id,rank,expert_id) VALUES (8718951062429,4,1);
INSERT INTO rank(rds_id,rank,expert_id) VALUES (4008455428116,4,1);
INSERT INTO rank(rds_id,rank,expert_id) VALUES (5000204706826,4,1);
INSERT INTO rank(rds_id,rank,expert_id) VALUES (7311910000350,5,1);
INSERT INTO rank(rds_id,rank,expert_id) VALUES (8712561729369,5,1);
INSERT INTO rank(rds_id,rank,expert_id) VALUES (7300156484239,5,1);
INSERT INTO rank(rds_id,rank,expert_id) VALUES (8714789881386,5,1);
INSERT INTO rank(rds_id,rank,expert_id) VALUES (7300156484253,5,1);
INSERT INTO rank(rds_id,rank,expert_id) VALUES (7318690170785,5,1);
INSERT INTO rank(rds_id,rank,expert_id) VALUES (5701092114174,6,1);
INSERT INTO rank(rds_id,rank,expert_id) VALUES (5701092110732,6,1);
INSERT INTO rank(rds_id,rank,expert_id) VALUES (5413149144675,6,1);
INSERT INTO rank(rds_id,rank,expert_id) VALUES (7393481003046,6,1);
INSERT INTO rank(rds_id,rank,expert_id) VALUES (8712561729321,6,1);
INSERT INTO rank(rds_id,rank,expert_id) VALUES (8711800118476,6,1);
INSERT INTO rank(rds_id,rank,expert_id) VALUES (7310252054205,6,1);
INSERT INTO rank(rds_id,rank,expert_id) VALUES (8718951011281,7,1);
INSERT INTO rank(rds_id,rank,expert_id) VALUES (20127992,7,1);
INSERT INTO rank(rds_id,rank,expert_id) VALUES (8710908369391,8,1);